{"0": {"Epoch": 0, "training hinge loss": 19.40822124481201, "training accuracy": [0.0014082254704543828, 0.0035766004937640705], "val avg accuracy": 0.0003839380261209347, "validation accuracy": [0.00037242520063340834, 0.0004453397620544086], "time": 15983.2802734375}, "1": {"Epoch": 1, "training hinge loss": 10.219091415405273, "training accuracy": [0.0005073226676557407, 0.007278443115140809], "val avg accuracy": 0.0036543600185586604, "validation accuracy": [0.003504931152015889, 0.004451313973453441], "time": 14427.517578125}, "2": {"Epoch": 2, "training hinge loss": 6.920527458190918, "training accuracy": [0.004026430487605093, 0.003733495728341696], "val avg accuracy": 0.019976045344495937, "validation accuracy": [0.019264751596404395, 0.023769612000984153], "time": 10144.9169921875}, "3": {"Epoch": 3, "training hinge loss": 3.5224711894989014, "training accuracy": [0.020764834184798575, 0.003332109448229703], "val avg accuracy": 0.00042389210915991677, "validation accuracy": [0.00035634270191076123, 0.0007841556144887463], "time": 9971.79296875}, "4": {"Epoch": 4, "training hinge loss": 4.278849720954895, "training accuracy": [0.0002924106481969613, 0.008967339577551914], "val avg accuracy": 0.00934690363249351, "validation accuracy": [0.009222395160124797, 0.010010948818459986], "time": 11753.4541015625}, "5": {"Epoch": 5, "training hinge loss": 2.340779423713684, "training accuracy": [0.009847067903206108, 1.4086592070583492e-07], "val avg accuracy": 5.642077321726654e-05, "validation accuracy": [6.691174229533914e-05, 4.6893813421267083e-07], "time": 12008.5126953125}, "6": {"Epoch": 6, "training hinge loss": 1.8396582007408142, "training accuracy": [5.893866276962534e-05, 0.006669367545836469], "val avg accuracy": 0.008926506892598475, "validation accuracy": [0.008828796923991966, 0.009447626725166525], "time": 11791.208984375}, "7": {"Epoch": 7, "training hinge loss": 0.735317200422287, "training accuracy": [0.009595996975747756, 0.00011932998355801416], "val avg accuracy": 0.02401281523438972, "validation accuracy": [0.023921358456855613, 0.024500584714571616], "time": 11345.9111328125}, "8": {"Epoch": 8, "training hinge loss": 0.456401526927948, "training accuracy": [0.026786863008757655, 0.03410876371176219], "val avg accuracy": 0.03654546795878935, "validation accuracy": [0.03670819797040836, 0.03567757456348797], "time": 12797.4765625}, "9": {"Epoch": 9, "training hinge loss": 0.23620864748954773, "training accuracy": [0.03755220505165602, 0.04407752644361018], "val avg accuracy": 0.016488970129108466, "validation accuracy": [0.016608026098018147, 0.015854004961590173], "time": 13782.478515625}, "10": {"Epoch": 10, "training hinge loss": 0.13726286590099335, "training accuracy": [0.016681336040065164, 0.018029502672024966], "val avg accuracy": 0.005850509345606848, "validation accuracy": [0.005909423928564417, 0.005536298236499815], "time": 15270.419921875}, "11": {"Epoch": 11, "training hinge loss": 0.08348916471004486, "training accuracy": [0.005312754995729696, 0.00748080745564117], "val avg accuracy": 0.013615690371040262, "validation accuracy": [0.013379186327894255, 0.014877045267818967], "time": 16294.9892578125}, "12": {"Epoch": 12, "training hinge loss": 0.06045971065759659, "training accuracy": [0.014521387460362356, 0.026104655836021506], "val avg accuracy": 0.057263361174514305, "validation accuracy": [0.056530335883715144, 0.06117282939210977], "time": 15614.4716796875}, "13": {"Epoch": 13, "training hinge loss": 0.047112686559557915, "training accuracy": [0.06061181901851076, 0.09870395396049081], "val avg accuracy": 0.14902923427638445, "validation accuracy": [0.14845061942734383, 0.15211518013793435], "time": 17777.18359375}, "14": {"Epoch": 14, "training hinge loss": 0.03876624070107937, "training accuracy": [0.14712152604509432, 0.22590802291884393], "val avg accuracy": 0.2743248070636064, "validation accuracy": [0.2738554310895004, 0.27682814559217195], "time": 18470.5390625}, "15": {"Epoch": 15, "training hinge loss": 0.032728346064686775, "training accuracy": [0.2744795166805293, 0.33828278553816216], "val avg accuracy": 0.3722778131067727, "validation accuracy": [0.37263837782279596, 0.3703548012879819], "time": 16281.9306640625}, "16": {"Epoch": 16, "training hinge loss": 0.028452983126044273, "training accuracy": [0.38905227152414734, 0.42031370760036846], "val avg accuracy": 0.48141496656641547, "validation accuracy": [0.4823814798542627, 0.4762602290312302], "time": 16263.7041015625}, "17": {"Epoch": 17, "training hinge loss": 0.025397568941116333, "training accuracy": [0.4840670376145876, 0.5354115805185065], "val avg accuracy": 0.5525048156285193, "validation accuracy": [0.5540256601551099, 0.5443936448200357], "time": 16102.2451171875}, "18": {"Epoch": 18, "training hinge loss": 0.023221230134367943, "training accuracy": [0.5555130165219894, 0.5969139695015583], "val avg accuracy": 0.6041784599322725, "validation accuracy": [0.606609410358524, 0.5912133909922648], "time": 17371.24609375}, "19": {"Epoch": 19, "training hinge loss": 0.02176987286657095, "training accuracy": [0.615501068855965, 0.6277074468634041], "val avg accuracy": 0.6443656628541274, "validation accuracy": [0.6470054002285595, 0.6302870635238236], "time": 16001.453125}, "20": {"Epoch": 20, "training hinge loss": 0.02046797052025795, "training accuracy": [0.6345457948907709, 0.6932944731339545], "val avg accuracy": 0.6734768403146006, "validation accuracy": [0.6760727161316975, 0.6596321692900844], "time": 17715.19140625}, "21": {"Epoch": 21, "training hinge loss": 0.01987071055918932, "training accuracy": [0.7082247501701224, 0.6599105956314542], "val avg accuracy": 0.6918033984494231, "validation accuracy": [0.6943389831156124, 0.6782802802297467], "time": 19497.869140625}, "22": {"Epoch": 22, "training hinge loss": 0.01915551256388426, "training accuracy": [0.69719016310491, 0.7073759920518143], "val avg accuracy": 0.7051822453841478, "validation accuracy": [0.7078079539369857, 0.6911784664356788], "time": 18540.1796875}, "23": {"Epoch": 23, "training hinge loss": 0.01865354459732771, "training accuracy": [0.703830106261544, 0.7317868057330521], "val avg accuracy": 0.7120221938853787, "validation accuracy": [0.7147594049243173, 0.697423735011039], "time": 14729.875}, "24": {"Epoch": 24, "training hinge loss": 0.01839311420917511, "training accuracy": [0.7204465941852937, 0.7165061496042806], "val avg accuracy": 0.7151815625045287, "validation accuracy": [0.7179135274645876, 0.7006110827175485], "time": 20714.16796875}, "25": {"Epoch": 25, "training hinge loss": 0.01811857707798481, "training accuracy": [0.7093134924307725, 0.7386815153066109], "val avg accuracy": 0.717817461366223, "validation accuracy": [0.7204892131432757, 0.7035681185552749], "time": 15711.734375}, "26": {"Epoch": 26, "training hinge loss": 0.018026052974164486, "training accuracy": [0.7185206590554355, 0.7350896892829633], "val avg accuracy": 0.7198885553591341, "validation accuracy": [0.7224961226040512, 0.7059815300529093], "time": 13581.4248046875}, "27": {"Epoch": 27, "training hinge loss": 0.01795242913067341, "training accuracy": [0.7167232595316612, 0.7423790233654278], "val avg accuracy": 0.7211300467303984, "validation accuracy": [0.7237007535967201, 0.7074196101100154], "time": 16384.265625}, "28": {"Epoch": 28, "training hinge loss": 0.017962578684091568, "training accuracy": [0.7281710617264829, 0.7293087173554195], "val avg accuracy": 0.7216644238008904, "validation accuracy": [0.7242189993595087, 0.708040020821592], "time": 12897.66796875}, "29": {"Epoch": 29, "training hinge loss": 0.017879491671919823, "training accuracy": [0.72505971832388, 0.7312374775474324], "val avg accuracy": 0.7218023083437387, "validation accuracy": [0.7243531996514905, 0.7081975547023954], "time": 12448.681640625}}