{"0": {"Epoch": 0, "training hinge loss": 8.904338359832764, "training accuracy": [0.008362123040476677, 0.008653357916446502], "val avg accuracy": 0.008252905259712883, "validation accuracy": [0.008396123680147083, 0.007489073684063818], "time": 16730.431640625}, "1": {"Epoch": 1, "training hinge loss": 1.7964919209480286, "training accuracy": [0.007842716315059728, 0.007622324674690706], "val avg accuracy": 0.007438009174806549, "validation accuracy": [0.007579203746524432, 0.00668497145897784], "time": 11071.1962890625}, "2": {"Epoch": 2, "training hinge loss": 0.6485750675201416, "training accuracy": [0.006959563497766275, 0.007379668338303058], "val avg accuracy": 0.007606134335997801, "validation accuracy": [0.007759122166317134, 0.006790199240961359], "time": 12926.748046875}, "3": {"Epoch": 3, "training hinge loss": 0.34127460420131683, "training accuracy": [0.007425535353098978, 0.007171159178111397], "val avg accuracy": 0.00766921556257956, "validation accuracy": [0.007822145833175642, 0.006853587452733789], "time": 11276.501953125}, "4": {"Epoch": 4, "training hinge loss": 0.19521530717611313, "training accuracy": [0.007677419418360865, 0.00697621326180875], "val avg accuracy": 0.007668456281844006, "validation accuracy": [0.00782824257150605, 0.006816262736979772], "time": 15698.4638671875}, "5": {"Epoch": 5, "training hinge loss": 0.11431041732430458, "training accuracy": [0.0076501798181563, 0.007163660303232677], "val avg accuracy": 0.00808822667399125, "validation accuracy": [0.00827546052879169, 0.007089646115055581], "time": 13959.494140625}, "6": {"Epoch": 6, "training hinge loss": 0.08666577190160751, "training accuracy": [0.007441507060416908, 0.008625623946903915], "val avg accuracy": 0.009510552674562958, "validation accuracy": [0.009721697536658636, 0.00838444674338601], "time": 12524.3779296875}, "7": {"Epoch": 7, "training hinge loss": 0.07808264344930649, "training accuracy": [0.009439533752377716, 0.009486686383691656], "val avg accuracy": 0.013275425518237542, "validation accuracy": [0.013506325536162045, 0.012043958755973527], "time": 12389.896484375}, "8": {"Epoch": 8, "training hinge loss": 0.07497018203139305, "training accuracy": [0.011914409352931865, 0.015018090529428374], "val avg accuracy": 0.020839269262651294, "validation accuracy": [0.021064971673735555, 0.019635523070201888], "time": 13721.20703125}, "9": {"Epoch": 9, "training hinge loss": 0.07352539151906967, "training accuracy": [0.019064800474689503, 0.021640338898654243], "val avg accuracy": 0.03390272239527009, "validation accuracy": [0.03411142048405602, 0.03278966592174515], "time": 14298.88671875}, "10": {"Epoch": 10, "training hinge loss": 0.07248741388320923, "training accuracy": [0.03028001057173335, 0.032839426100130464], "val avg accuracy": 0.05344760412422177, "validation accuracy": [0.053627966250902825, 0.05248567278192284], "time": 15805.9765625}, "11": {"Epoch": 11, "training hinge loss": 0.07155505195260048, "training accuracy": [0.04112516851535564, 0.05733882131335377], "val avg accuracy": 0.07810895832471902, "validation accuracy": [0.07831280794960815, 0.07702176032531038], "time": 15654.939453125}, "12": {"Epoch": 12, "training hinge loss": 0.07071077078580856, "training accuracy": [0.0584473589548159, 0.0790248732822636], "val avg accuracy": 0.10386916530197614, "validation accuracy": [0.10417888445749113, 0.10221732980589626], "time": 15538.6708984375}, "13": {"Epoch": 13, "training hinge loss": 0.06986091658473015, "training accuracy": [0.10271753456155319, 0.075460266585898], "val avg accuracy": 0.12669649868763194, "validation accuracy": [0.1271658598824318, 0.12419323898203283], "time": 15133.2353515625}, "14": {"Epoch": 14, "training hinge loss": 0.06902273371815681, "training accuracy": [0.10767124590090815, 0.10091733727521635], "val avg accuracy": 0.14480310803089178, "validation accuracy": [0.145467845568238, 0.14125784116504536], "time": 17945.6796875}, "15": {"Epoch": 15, "training hinge loss": 0.06828191876411438, "training accuracy": [0.12303975809403778, 0.1141738413613218], "val avg accuracy": 0.15817313269453362, "validation accuracy": [0.15893055246250087, 0.15413356059870842], "time": 15910.33203125}, "16": {"Epoch": 16, "training hinge loss": 0.06753131747245789, "training accuracy": [0.12398834868948161, 0.13845080360094142], "val avg accuracy": 0.1675718755492802, "validation accuracy": [0.16836097923391213, 0.16336332256457664], "time": 15855.5234375}, "17": {"Epoch": 17, "training hinge loss": 0.06685986742377281, "training accuracy": [0.1584202239835476, 0.1181312767545677], "val avg accuracy": 0.17365906254973015, "validation accuracy": [0.1744084513588149, 0.16966232223461164], "time": 14555.12109375}, "18": {"Epoch": 18, "training hinge loss": 0.06622077152132988, "training accuracy": [0.12533525805373236, 0.18034142689787858], "val avg accuracy": 0.17723177654513836, "validation accuracy": [0.17791067739211608, 0.17361097202792386], "time": 15991.0087890625}, "19": {"Epoch": 19, "training hinge loss": 0.06566382944583893, "training accuracy": [0.14779571699073912, 0.14366451148224235], "val avg accuracy": 0.17883303160751912, "validation accuracy": [0.17941629482497978, 0.1757222944477289], "time": 15538.9345703125}, "20": {"Epoch": 20, "training hinge loss": 0.06519046053290367, "training accuracy": [0.1538373302639563, 0.1399594364180361], "val avg accuracy": 0.1791232863996876, "validation accuracy": [0.17960167758203094, 0.17657186676052328], "time": 16657.248046875}, "21": {"Epoch": 21, "training hinge loss": 0.06478121876716614, "training accuracy": [0.142074579477259, 0.15849653066472047], "val avg accuracy": 0.1786822577526172, "validation accuracy": [0.1790690733562238, 0.1766192412000488], "time": 18083.447265625}, "22": {"Epoch": 22, "training hinge loss": 0.06444704532623291, "training accuracy": [0.13390219786021806, 0.17150171057682806], "val avg accuracy": 0.17784825351957784, "validation accuracy": [0.17816043209031596, 0.17618330114230774], "time": 23541.240234375}, "23": {"Epoch": 23, "training hinge loss": 0.06410980969667435, "training accuracy": [0.13317190824607972, 0.1719717351013429], "val avg accuracy": 0.1769534681143595, "validation accuracy": [0.17721026558573427, 0.17558388160036065], "time": 15493.9921875}, "24": {"Epoch": 24, "training hinge loss": 0.06394964084029198, "training accuracy": [0.1596817129493533, 0.13280314655167358], "val avg accuracy": 0.17614153038043687, "validation accuracy": [0.17635671997979385, 0.17499385251719957], "time": 19242.517578125}, "25": {"Epoch": 25, "training hinge loss": 0.06377863511443138, "training accuracy": [0.15414821599766104, 0.13675567828496737], "val avg accuracy": 0.17551341586270996, "validation accuracy": [0.17569925893678606, 0.17452225280097078], "time": 15626.220703125}, "26": {"Epoch": 26, "training hinge loss": 0.06366801634430885, "training accuracy": [0.1351611062414041, 0.16483930044450756], "val avg accuracy": 0.17509717982591827, "validation accuracy": [0.17526409596611647, 0.17420696041152783], "time": 14445.287109375}, "27": {"Epoch": 27, "training hinge loss": 0.06357663869857788, "training accuracy": [0.1398391676754388, 0.15396428030725107], "val avg accuracy": 0.17484699779431365, "validation accuracy": [0.17500294588014376, 0.1740152746698863], "time": 12607.376953125}, "28": {"Epoch": 28, "training hinge loss": 0.06349344179034233, "training accuracy": [0.14624962777591277, 0.14401094460686048], "val avg accuracy": 0.17473420148575247, "validation accuracy": [0.17488522502830006, 0.1739287425921653], "time": 14700.251953125}, "29": {"Epoch": 29, "training hinge loss": 0.06354150921106339, "training accuracy": [0.14489970766810145, 0.14562536897968903], "val avg accuracy": 0.17470653944951187, "validation accuracy": [0.17485633480961182, 0.1739076308623122], "time": 12805.3701171875}}