{"0": {"Epoch": 0, "training hinge loss": 22.004751205444336, "training accuracy": [0.0015981921891647932, 0.0011030173151646006], "val avg accuracy": 0.0006423389566182024, "validation accuracy": [0.000631174836696502, 0.0007018809295339379], "time": 15540.33203125}, "1": {"Epoch": 1, "training hinge loss": 13.551292181015015, "training accuracy": [0.0006935410907028539, 0.0009837669711841857], "val avg accuracy": 4.464856854901582e-05, "validation accuracy": [5.284432456509336e-05, 9.378697966022642e-07], "time": 11120.3046875}, "2": {"Epoch": 2, "training hinge loss": 1.1690742671489716, "training accuracy": [7.913987198948647e-05, 0.0006914401882769372], "val avg accuracy": 0.0003329645811167862, "validation accuracy": [0.00035278651176384734, 0.00022724761766579338], "time": 11120.2890625}, "3": {"Epoch": 3, "training hinge loss": 0.748380497097969, "training accuracy": [0.00031514617517514054, 0.0001501936580085017], "val avg accuracy": 0.020784323940225165, "validation accuracy": [0.021087737018703923, 0.01916612085500513], "time": 12864.3740234375}, "4": {"Epoch": 4, "training hinge loss": 0.36746610701084137, "training accuracy": [0.022041290326574536, 0.026700577677843285], "val avg accuracy": 0.011675952445879911, "validation accuracy": [0.011881717414769066, 0.010578539278471077], "time": 11654.22265625}, "5": {"Epoch": 5, "training hinge loss": 0.3105447292327881, "training accuracy": [0.012314912008682621, 0.013740144224860251], "val avg accuracy": 0.01843936786748811, "validation accuracy": [0.018383675885448536, 0.018736391771699168], "time": 10917.8447265625}, "6": {"Epoch": 6, "training hinge loss": 0.209305040538311, "training accuracy": [0.018465906296605494, 0.01819259224905334], "val avg accuracy": 0.016622082796286443, "validation accuracy": [0.01658027624824765, 0.016845051052493343], "time": 14638.1181640625}, "7": {"Epoch": 7, "training hinge loss": 0.13807197660207748, "training accuracy": [0.018095980998406813, 0.009816575067363775], "val avg accuracy": 0.042560979639157163, "validation accuracy": [0.04227851380436354, 0.04406746409138984], "time": 12868.64453125}, "8": {"Epoch": 8, "training hinge loss": 0.09807528182864189, "training accuracy": [0.043296080381401536, 0.05094584059829854], "val avg accuracy": 0.0766502280586185, "validation accuracy": [0.07646671933169957, 0.07762894126885278], "time": 12929.86328125}, "9": {"Epoch": 9, "training hinge loss": 0.07232436910271645, "training accuracy": [0.07982757106487592, 0.0935764206294839], "val avg accuracy": 0.08345947870317913, "validation accuracy": [0.0830646499868859, 0.08556523185674303], "time": 12776.6201171875}, "10": {"Epoch": 10, "training hinge loss": 0.05808168649673462, "training accuracy": [0.08191267147282522, 0.20012390541396896], "val avg accuracy": 0.18568861559934105, "validation accuracy": [0.1857388719577716, 0.18542058168771136], "time": 12426.119140625}, "11": {"Epoch": 11, "training hinge loss": 0.052186865359544754, "training accuracy": [0.18767027153105686, 0.2225535426977573], "val avg accuracy": 0.3115168714131336, "validation accuracy": [0.31041808725144293, 0.3173770536088171], "time": 13260.17578125}, "12": {"Epoch": 12, "training hinge loss": 0.041172005236148834, "training accuracy": [0.31982110528334384, 0.2626142080376266], "val avg accuracy": 0.35285526768549813, "validation accuracy": [0.3515474568493495, 0.3598302588116242], "time": 13788.33984375}, "13": {"Epoch": 13, "training hinge loss": 0.034371836110949516, "training accuracy": [0.3660153821718287, 0.41391760095650953], "val avg accuracy": 0.38179934221610207, "validation accuracy": [0.3827622230489004, 0.3766639777745109], "time": 15892.9873046875}, "14": {"Epoch": 14, "training hinge loss": 0.03349962458014488, "training accuracy": [0.4019487354861263, 0.45644289034387153], "val avg accuracy": 0.4838219754823016, "validation accuracy": [0.48325191253778843, 0.4868623111863717], "time": 15698.6748046875}, "15": {"Epoch": 15, "training hinge loss": 0.029816335067152977, "training accuracy": [0.4830314115107345, 0.49084767906662674], "val avg accuracy": 0.5261364887304756, "validation accuracy": [0.5256418961036132, 0.5287743160737419], "time": 17438.025390625}, "16": {"Epoch": 16, "training hinge loss": 0.026350345462560654, "training accuracy": [0.5425608130488795, 0.5749658678800998], "val avg accuracy": 0.5551329130477335, "validation accuracy": [0.5560076455239658, 0.5504676731744949], "time": 17864.759765625}, "17": {"Epoch": 17, "training hinge loss": 0.025853149592876434, "training accuracy": [0.5735526253202611, 0.5994433626357866], "val avg accuracy": 0.6181636500707678, "validation accuracy": [0.6179870235425029, 0.6191056582215138], "time": 18282.7421875}, "18": {"Epoch": 18, "training hinge loss": 0.023108037188649178, "training accuracy": [0.6367580035058428, 0.6300599067190582], "val avg accuracy": 0.6086627458173253, "validation accuracy": [0.6074392002043298, 0.6151883224199672], "time": 15880.91015625}, "19": {"Epoch": 19, "training hinge loss": 0.022886469960212708, "training accuracy": [0.6191892308665288, 0.6565048892326673], "val avg accuracy": 0.6518814039602393, "validation accuracy": [0.6506434295536092, 0.6584839341289332], "time": 16114.25}, "20": {"Epoch": 20, "training hinge loss": 0.020855442620813847, "training accuracy": [0.6611699395372468, 0.6962522851421358], "val avg accuracy": 0.6460321295576501, "validation accuracy": [0.6448309591692121, 0.6524383716293192], "time": 18772.326171875}, "21": {"Epoch": 21, "training hinge loss": 0.020964037626981735, "training accuracy": [0.6594957697477034, 0.6912005636756102], "val avg accuracy": 0.6604050353823137, "validation accuracy": [0.6586453351069785, 0.6697901035174345], "time": 18187.0859375}, "22": {"Epoch": 22, "training hinge loss": 0.020031622610986233, "training accuracy": [0.694793198484474, 0.6723508867154897], "val avg accuracy": 0.6628815984662707, "validation accuracy": [0.6606482563034505, 0.6747927566679786], "time": 18298.62109375}, "23": {"Epoch": 23, "training hinge loss": 0.01999836415052414, "training accuracy": [0.7043202869697418, 0.6570827944602428], "val avg accuracy": 0.6611590652546105, "validation accuracy": [0.6587807783843075, 0.6738432618962269], "time": 17238.037109375}, "24": {"Epoch": 24, "training hinge loss": 0.01970942597836256, "training accuracy": [0.6702424982582733, 0.7052015027970263], "val avg accuracy": 0.667563683412649, "validation accuracy": [0.6651825969115177, 0.6802628114186832], "time": 16984.28125}, "25": {"Epoch": 25, "training hinge loss": 0.019452538341283798, "training accuracy": [0.6991878234804487, 0.6900092049845676], "val avg accuracy": 0.6712651757631176, "validation accuracy": [0.668935685558239, 0.68368912352247], "time": 21115.919921875}, "26": {"Epoch": 26, "training hinge loss": 0.01931118406355381, "training accuracy": [0.699726060375524, 0.6912771691565023], "val avg accuracy": 0.6720912874704715, "validation accuracy": [0.6697991650190793, 0.6843159405445637], "time": 21188.2890625}, "27": {"Epoch": 27, "training hinge loss": 0.019350776448845863, "training accuracy": [0.7064757112749187, 0.6819356156986995], "val avg accuracy": 0.6727119556979816, "validation accuracy": [0.6704328179643412, 0.684867356944064], "time": 58297.00390625}, "28": {"Epoch": 28, "training hinge loss": 0.019167824648320675, "training accuracy": [0.6902925614281095, 0.7053874652795509], "val avg accuracy": 0.6732003773055044, "validation accuracy": [0.6709219568315563, 0.6853519531665613], "time": 14823.80078125}, "29": {"Epoch": 29, "training hinge loss": 0.01928763370960951, "training accuracy": [0.7059524976391343, 0.6896809127185088], "val avg accuracy": 0.6733727164657023, "validation accuracy": [0.6710930629995389, 0.6855308682852403], "time": 12653.49609375}}