{"0": {"Epoch": 0, "training hinge loss": 10.777833461761475, "training accuracy": [0.010201875757765655, 0.005596471674657932], "val avg accuracy": 0.003629028491239852, "validation accuracy": [0.00368604123590599, 0.0033249605196871146], "time": 14238.4921875}, "1": {"Epoch": 1, "training hinge loss": 3.1679396629333496, "training accuracy": [0.0037586148749294557, 0.004910044792697521], "val avg accuracy": 0.0054886154276299354, "validation accuracy": [0.005568596892971844, 0.005062047612473086], "time": 12929.6865234375}, "2": {"Epoch": 2, "training hinge loss": 0.8464436531066895, "training accuracy": [0.00584570909374349, 0.005735998550171706], "val avg accuracy": 0.0057977249493399614, "validation accuracy": [0.0058900143531387394, 0.00530551479574648], "time": 11660.181640625}, "3": {"Epoch": 3, "training hinge loss": 0.43173471093177795, "training accuracy": [0.0060309447083557455, 0.005643038781385057], "val avg accuracy": 0.005503529501790958, "validation accuracy": [0.005589210302078151, 0.005046565233592593], "time": 10542.392578125}, "4": {"Epoch": 4, "training hinge loss": 0.2655065432190895, "training accuracy": [0.005274692338839482, 0.005637388949688127], "val avg accuracy": 0.004829234089857061, "validation accuracy": [0.004914835801381856, 0.00437269162839149], "time": 12751.673828125}, "5": {"Epoch": 5, "training hinge loss": 0.15557141602039337, "training accuracy": [0.005194526755273099, 0.004102531324980729], "val avg accuracy": 0.004362988191276895, "validation accuracy": [0.004460873840164026, 0.0038409313972121994], "time": 13274.0107421875}, "6": {"Epoch": 6, "training hinge loss": 0.09653980657458305, "training accuracy": [0.004433048532594075, 0.0042789744629345705], "val avg accuracy": 0.005089565433512385, "validation accuracy": [0.005223048889474113, 0.0043776536683831635], "time": 14409.6416015625}, "7": {"Epoch": 7, "training hinge loss": 0.07550815120339394, "training accuracy": [0.004680667700714958, 0.006799514290861786], "val avg accuracy": 0.009181125261127646, "validation accuracy": [0.009400850805500127, 0.008009255691141082], "time": 15541.814453125}, "8": {"Epoch": 8, "training hinge loss": 0.06863598898053169, "training accuracy": [0.009200551376570498, 0.010888453258907416], "val avg accuracy": 0.014650062389869404, "validation accuracy": [0.01490869725389532, 0.013270676448397856], "time": 15847.5625}, "9": {"Epoch": 9, "training hinge loss": 0.06635195389389992, "training accuracy": [0.014244705169193295, 0.014725901772021155], "val avg accuracy": 0.017750758843019233, "validation accuracy": [0.017942293796321396, 0.016729239092074355], "time": 17158.228515625}, "10": {"Epoch": 10, "training hinge loss": 0.064296405762434, "training accuracy": [0.017678086411424987, 0.020207407285365964], "val avg accuracy": 0.027669946490898, "validation accuracy": [0.027838088583449383, 0.02677318866395728], "time": 14138.90625}, "11": {"Epoch": 11, "training hinge loss": 0.06070328503847122, "training accuracy": [0.028702151180306834, 0.03631915741801539], "val avg accuracy": 0.057485667597154885, "validation accuracy": [0.057763363369838006, 0.056004623476178295], "time": 16408.12109375}, "12": {"Epoch": 12, "training hinge loss": 0.05444219708442688, "training accuracy": [0.05898652982755481, 0.08569664833887314], "val avg accuracy": 0.12746897256383352, "validation accuracy": [0.12811271712699634, 0.1240356682269651], "time": 16899.0859375}, "13": {"Epoch": 13, "training hinge loss": 0.04601379856467247, "training accuracy": [0.12478324585401523, 0.1638383922218074], "val avg accuracy": 0.17887213271373367, "validation accuracy": [0.17988578080221485, 0.17346600957516733], "time": 19063.841796875}, "14": {"Epoch": 14, "training hinge loss": 0.04065914638340473, "training accuracy": [0.1705663021064312, 0.18138348641066104], "val avg accuracy": 0.18820992577670895, "validation accuracy": [0.18931294717194858, 0.18232714500209757], "time": 16891.5546875}, "15": {"Epoch": 15, "training hinge loss": 0.03816628269851208, "training accuracy": [0.18177542547246395, 0.1981490012108782], "val avg accuracy": 0.24207072602625937, "validation accuracy": [0.24352865234030552, 0.23429511901801325], "time": 20745.62890625}, "16": {"Epoch": 16, "training hinge loss": 0.0332895927131176, "training accuracy": [0.23866374204216945, 0.2731371535273339], "val avg accuracy": 0.32994152358462553, "validation accuracy": [0.33210121045669694, 0.31842319360024474], "time": 18884.88671875}, "17": {"Epoch": 17, "training hinge loss": 0.02920912392437458, "training accuracy": [0.32567345163282324, 0.3603128941606921], "val avg accuracy": 0.38215868251863444, "validation accuracy": [0.38483486930330557, 0.36788568633372176], "time": 18073.55859375}, "18": {"Epoch": 18, "training hinge loss": 0.027603683061897755, "training accuracy": [0.37413175719980574, 0.4190329749496593], "val avg accuracy": 0.4234344383092596, "validation accuracy": [0.42652576718985136, 0.40694735094610346], "time": 17889.69140625}, "19": {"Epoch": 19, "training hinge loss": 0.026203284971415997, "training accuracy": [0.4221435348893209, 0.46072199272348235], "val avg accuracy": 0.47569958305532506, "validation accuracy": [0.47926871684895256, 0.4566642028226452], "time": 15758.2529296875}, "20": {"Epoch": 20, "training hinge loss": 0.02443855721503496, "training accuracy": [0.47795827247716227, 0.5095710316791846], "val avg accuracy": 0.5254649996769704, "validation accuracy": [0.5293942334277707, 0.5045090863393684], "time": 17784.068359375}, "21": {"Epoch": 21, "training hinge loss": 0.022833368740975857, "training accuracy": [0.5121640949268458, 0.5740511650196716], "val avg accuracy": 0.5609756981210787, "validation accuracy": [0.5650569570701403, 0.5392089837260841], "time": 24707.86328125}, "22": {"Epoch": 22, "training hinge loss": 0.021934482268989086, "training accuracy": [0.5494975165001443, 0.597621032323715], "val avg accuracy": 0.585260119371548, "validation accuracy": [0.5894041905990176, 0.5631584061583763], "time": 18726.966796875}, "23": {"Epoch": 23, "training hinge loss": 0.021222004666924477, "training accuracy": [0.564203338789895, 0.6379993881379082], "val avg accuracy": 0.6039502252120875, "validation accuracy": [0.6081704478368528, 0.5814423712133396], "time": 16482.03515625}, "24": {"Epoch": 24, "training hinge loss": 0.020892145112156868, "training accuracy": [0.6038398058296166, 0.6196951485759656], "val avg accuracy": 0.6186195748017296, "validation accuracy": [0.6229358362037163, 0.5955995139911343], "time": 13054.8984375}, "25": {"Epoch": 25, "training hinge loss": 0.020556257106363773, "training accuracy": [0.6276110553468088, 0.621595264182943], "val avg accuracy": 0.629047636802146, "validation accuracy": [0.6334514861270691, 0.6055604404025563], "time": 14022.302734375}, "26": {"Epoch": 26, "training hinge loss": 0.02013558242470026, "training accuracy": [0.6258344313746126, 0.6496272997826713], "val avg accuracy": 0.6355728465112945, "validation accuracy": [0.6400387647952286, 0.6117546156636462], "time": 14468.853515625}, "27": {"Epoch": 27, "training hinge loss": 0.01994240563362837, "training accuracy": [0.6349058946935981, 0.6518040948209969], "val avg accuracy": 0.6391561784275444, "validation accuracy": [0.643659751248771, 0.6151371233810027], "time": 13812.017578125}, "28": {"Epoch": 28, "training hinge loss": 0.02005845308303833, "training accuracy": [0.670752655910367, 0.6158186149981347], "val avg accuracy": 0.640694914541919, "validation accuracy": [0.6452146883396432, 0.6165894542873893], "time": 15224.01171875}, "29": {"Epoch": 29, "training hinge loss": 0.019741191528737545, "training accuracy": [0.6299889575936563, 0.6693589252535173], "val avg accuracy": 0.6410750894638129, "validation accuracy": [0.6455990476863906, 0.6169473122767317], "time": 12705.43359375}}