{"0": {"Epoch": 0, "training hinge loss": 4.49285614490509, "training accuracy": [0.05289453226826757, 0.05260909393314328], "val avg accuracy": 0.0024958092089731, "validation accuracy": [0.00248855576371676, 0.0025344942503402468], "time": 12296.9326171875}}{"0": {"Epoch": 0, "training hinge loss": 4.49285614490509, "training accuracy": [0.05289453226826757, 0.05260909393314328], "val avg accuracy": 0.0024958092089731, "validation accuracy": [0.00248855576371676, 0.0025344942503402468], "time": 12296.9326171875}, "1": {"Epoch": 1, "training hinge loss": 3.056567430496216, "training accuracy": [0.002603459603276237, 0.016494533728387606], "val avg accuracy": 0.017392739623090573, "validation accuracy": [0.01739571588806077, 0.017376866209916186], "time": 11276.203125}}