{"0": {"Epoch": 0, "training hinge loss": 6.5992515087127686, "training accuracy": [0.003408064629970564, 0.0003599783623485786], "val avg accuracy": 0.0057366406115926015, "validation accuracy": [0.005686926782976109, 0.00600178103088056], "time": 15209.3466796875}, "1": {"Epoch": 1, "training hinge loss": 5.577823877334595, "training accuracy": [0.00575185458123717, 0.0042512669254314295], "val avg accuracy": 0.0014321816315682483, "validation accuracy": [0.0013203809513887554, 0.0020284519258588762], "time": 12136.30859375}}